Profession,MW,PRODUCTS,AH price,AH price +1,Class,Slot,INFORMATION,,Profession,PRODUCTS,Class
Alchemy,Chultan MW,Crafted Potion of Accuracy Rank 3,,,,,,,Alchemy,Crafted Potion of Accuracy Rank 3,
Alchemy,Chultan MW,Crafted Potion of Critical Strike Rank 3,,,,,,,Alchemy,Crafted Potion of Critical Strike Rank 3,
Alchemy,Chultan MW,Crafted Potion of Defense Rank 3,,,,,,,Alchemy,Crafted Potion of Defense Rank 3,
Alchemy,Chultan MW,Crafted Potion of Deflect Rank 3,,,,,,,Alchemy,Crafted Potion of Deflect Rank 3,
Alchemy,Chultan MW,Crafted Potion of Power Rank 3,,,,,,,Alchemy,Crafted Potion of Power Rank 3,
Alchemy,Chultan MW,Adept's Medicinal Tea,,,,,Profession Supplement,,Alchemy,Adept's Medicinal Tea,
Alchemy,Chultan MW,Workman's Incense,,,,,Profession Supplement,,Alchemy,Workman's Incense,
Alchemy,Chultan MW,Distilled Philosopher's Bounty,,,,,Profession Supplement,,Alchemy,Distilled Philosopher's Bounty,
Alchemy,Chultan MW,Distilled Philosopher's Calm,,,,,Profession Supplement,,Alchemy,Distilled Philosopher's Calm,
Alchemy,Chultan MW,Distilled Philosopher's Keep,,,,,Profession Supplement,,Alchemy,Distilled Philosopher's Keep,
Alchemy,Chultan MW,Distilled Philosopher's Focus,,,,,Profession Supplement,,Alchemy,Distilled Philosopher's Focus,
Alchemy,Chultan MW,Distilled Philosopher's Quick,,,,,Profession Supplement,,Alchemy,Distilled Philosopher's Quick,
Alchemy,Chultan MW,Distilled Philosopher's Haste,,,,,Profession Supplement,,Alchemy,Distilled Philosopher's Haste,
Alchemy,Chultan MW,Crafted Potion of Accuracy Rank 5,,,,,,,Alchemy,Crafted Potion of Accuracy Rank 5,
Alchemy,Chultan MW,Crafted Potion of Awareness Rank 5,,,,,,,Alchemy,Crafted Potion of Awareness Rank 5,
Alchemy,Chultan MW,Crafted Potion of Combat Advantage Rank 5,,,,,,,Alchemy,Crafted Potion of Combat Advantage Rank 5,
Alchemy,Chultan MW,Crafted Potion of Critical Avoidance Rank 5,,,,,,,Alchemy,Crafted Potion of Critical Avoidance Rank 5,
Alchemy,Chultan MW,Crafted Potion of Critical Strike Rank 5,,,,,,,Alchemy,Crafted Potion of Critical Strike Rank 5,
Alchemy,Chultan MW,Crafted Potion of Defense Rank 5,,,,,,,Alchemy,Crafted Potion of Defense Rank 5,
Alchemy,Chultan MW,Crafted Potion of Deflect Rank 5,,,,,,,Alchemy,Crafted Potion of Deflect Rank 5,
Alchemy,Chultan MW,Crafted Potion of Power Rank 5,,,,,,,Alchemy,Crafted Potion of Power Rank 5,
Alchemy,Chultan MW,Crafted Potion of Critical Severity Rank 5,,,,,,,Alchemy,Crafted Potion of Critical Severity Rank 5,
Alchemy,Sharandar MW,Crafted Potion of Accuracy Rank 13,,,,,,,Alchemy,Crafted Potion of Accuracy Rank 13,
Alchemy,Sharandar MW,Crafted Potion of Critical Strike Rank 13,,,,,,,Alchemy,Crafted Potion of Critical Strike Rank 13,
Alchemy,Sharandar MW,Crafted Potion of Defense Rank 13,,,,,,,Alchemy,Crafted Potion of Defense Rank 13,
Alchemy,Sharandar MW,Crafted Potion of Deflect Rank 13,,,,,,,Alchemy,Crafted Potion of Deflect Rank 13,
Alchemy,Sharandar MW,Crafted Potion of Power Rank 13,,,,,,,Alchemy,Crafted Potion of Power Rank 13,
Alchemy,Sharandar MW,Distilled Hermit's Bounty,,,,,Profession Supplement,,Alchemy,Distilled Hermit's Bounty,
Alchemy,Sharandar MW,Distilled Hermit's Calm,,,,,Profession Supplement,,Alchemy,Distilled Hermit's Calm,
Alchemy,Sharandar MW,Distilled Hermit's Keep,,,,,Profession Supplement,,Alchemy,Distilled Hermit's Keep,
Alchemy,Sharandar MW,Distilled Hermit's Focus,,,,,Profession Supplement,,Alchemy,Distilled Hermit's Focus,
Alchemy,Sharandar MW,Distilled Hermit's Quick,,,,,Profession Supplement,,Alchemy,Distilled Hermit's Quick,
Alchemy,Sharandar MW,Distilled Hermit's Haste,,,,,Profession Supplement,,Alchemy,Distilled Hermit's Haste,
Alchemy,Sharandar MW,Hermit's Incense,,,,,Profession Supplement,,Alchemy,Hermit's Incense,
Alchemy,Sharandar MW,Hermit's Medicinal Tea,,,,,Profession Supplement,,Alchemy,Hermit's Medicinal Tea,
Artificing,Chultan MW,Bronzewood Bucket,,,,,Gathering tool,,Artificing,Bronzewood Bucket,
Artificing,Chultan MW,Bronzewood Crossbow,,,,,Gathering tool,,Artificing,Bronzewood Crossbow,
Artificing,Chultan MW,Bronzewood Picatrix,,,,,Artificing tool,,Artificing,Bronzewood Picatrix,
Artificing,Chultan MW,Mastered Dinohide Temicamatl,,,Warlock,,Off-hand,,Artificing,Mastered Dinohide Temicamatl,Warlock
Artificing,Chultan MW,Mastered Fanged Quiilpia,,,Wizard,,Off-hand,,Artificing,Mastered Fanged Quiilpia,Wizard
Artificing,Chultan MW,Mastered Feathered Ilhuilli,,,Cleric,,Off-hand,,Artificing,Mastered Feathered Ilhuilli,Cleric
Artificing,Chultan MW,Mastered Bronzewood Tlahuitolli,,,Ranger,,Main Hand,,Artificing,Mastered Bronzewood Tlahuitolli,Ranger
Artificing,Chultan MW,Mastered Feathered Teotlanextli,,,Cleric,,Main Hand,,Artificing,Mastered Feathered Teotlanextli,Cleric
Artificing,Chultan MW,Mastered Obsidian Miztonhiyo,,,Wizard,,Main Hand,,Artificing,Mastered Obsidian Miztonhiyo,Wizard
Artificing,Chultan MW,Mastered Obsidian Tecpatl,,,Warlock,,Main Hand,,Artificing,Mastered Obsidian Tecpatl,Warlock
Artificing,Chultan MW,Mastered Obsidian Mekatl,,,Bard,,Off-hand,,Artificing,Mastered Obsidian Mekatl,Bard
Artificing,Sharandar MW,Feywood Bucket,,,,,Gathering tooll 525 prof/focus,,Artificing,Feywood Bucket,
Artificing,Sharandar MW,Feywood Crossbow,,,,,Gathering tooll 525 prof/focus,,Artificing,Feywood Crossbow,
Artificing,Sharandar MW,Feywood Picatrix,,,,,Artificing tooll 525 prof/focus,,Artificing,Feywood Picatrix,
Artificing,Sharandar MW,Feywood Longbow,,,Ranger,Weapon,MW VII Weapon,,Artificing,Feywood Longbow,Ranger
Artificing,Sharandar MW,Feywood Pact Blade,,,Warlock,Weapon,MW VII Weapon,,Artificing,Feywood Pact Blade,Warlock
Artificing,Sharandar MW,Silvervine Orb,,,Wizard,Weapon,MW VII Weapon,,Artificing,Silvervine Orb,Wizard
Artificing,Sharandar MW,Silvervine Sceptor,,,Cleric,Weapon,MW VII Weapon,,Artificing,Silvervine Sceptor,Cleric
Artificing,Sharandar MW,Feywood Lute,,,Bard,Off-hand,MW VII Weapon,,Artificing,Feywood Lute,Bard
Artificing,Sharandar MW,Frozen Dew Icon,,,Cleric,Off-hand,MW VII Off-hand,,Artificing,Frozen Dew Icon,Cleric
Artificing,Sharandar MW,Petrified Grimoire,,,Warlock,Off-hand,MW VII Off-hand,,Artificing,Petrified Grimoire,Warlock
Artificing,Sharandar MW,Thorned Talisman,,,Wizard,Off-hand,MW VII Off-hand,,Artificing,Thorned Talisman,Wizard
Jewelcrafting,Chultan MW,Fang Needle,,,,,Tailoring tool,,Jewelcrafting,Fang Needle,
Jewelcrafting,Chultan MW,Mastered Beaded Restoration Ring,,,,,,,Jewelcrafting,Mastered Beaded Restoration Ring,
Jewelcrafting,Chultan MW,Mastered Beaded Assault Ring,,,,,,,Jewelcrafting,Mastered Beaded Assault Ring,
Jewelcrafting,Chultan MW,Mastered Bronzewood Raid Ring,,,,,,,Jewelcrafting,Mastered Bronzewood Raid Ring,
Jewelcrafting,Chultan MW,Mastered Lichstone Ward Ring,,,,,,,Jewelcrafting,Mastered Lichstone Ward Ring,
Jewelcrafting,Chultan MW,Mastered Beaded Amulet,,,,,Chultan MW Neck,,Jewelcrafting,Mastered Beaded Amulet,
Jewelcrafting,Chultan MW,Mastered Bronzewood Amulet,,,,,Chultan MW Neck,,Jewelcrafting,Mastered Bronzewood Amulet,
Jewelcrafting,Chultan MW,Mastered Fanged Beaded Amulet,,,,,Chultan MW Neck,,Jewelcrafting,Mastered Fanged Beaded Amulet,
Jewelcrafting,Chultan MW,Mastered Lichstone Amulet,,,,,Chultan MW Neck,,Jewelcrafting,Mastered Lichstone Amulet,
Jewelcrafting,Sharandar MW,Glowing Assault Ring,,,,Ring,+3% dmg after daily,,Jewelcrafting,Glowing Assault Ring,
Jewelcrafting,Sharandar MW,Glowing Restoration Ring,,,,Ring,+5% outgoing healing based off current HP,,Jewelcrafting,Glowing Restoration Ring,
Jewelcrafting,Sharandar MW,Feywood Raid Ring,,,,Ring,+1% critsev per 15%HP hit or heal,,Jewelcrafting,Feywood Raid Ring,
Jewelcrafting,Sharandar MW,Dawn's Light Ward Ring,,,,Ring,+5% inc heal for 10 sec when you are hit hard,,Jewelcrafting,Dawn's Light Ward Ring,
Jewelcrafting,Sharandar MW,Thorned Needle,,,,,Tailoring tool 525 prof/focus,,Jewelcrafting,Thorned Needle,
Jewelcrafting,Sharandar MW,Feywood Amulet,,,,Neck,Sharandar MW Neck,,Jewelcrafting,Feywood Amulet,
Jewelcrafting,Sharandar MW,Glowing Amulet,,,,Neck,Sharandar MW Neck,,Jewelcrafting,Glowing Amulet,
Jewelcrafting,Sharandar MW,Thorned Amulet,,,,Neck,Sharandar MW Neck,,Jewelcrafting,Thorned Amulet,
Jewelcrafting,Sharandar MW,Silvervine Amulet,,,,Neck,Sharandar MW Neck,,Jewelcrafting,Silvervine Amulet,
Leatherworking,Chultan MW,Mastered Dinohide Assault Butisi,,,Rogue,,,,Leatherworking,Mastered Dinohide Assault Butisi,Rogue
Leatherworking,Chultan MW,Mastered Leather Assault Chamas,,,Ranger,,,,Leatherworking,Mastered Leather Assault Chamas,Ranger
Leatherworking,Chultan MW,Mastered Dinohide Assault Viatus,,,Warlock,,,,Leatherworking,Mastered Dinohide Assault Viatus,Warlock
Leatherworking,Chultan MW,Mastered Dinohide Raid Butisi,,,Rogue,,,,Leatherworking,Mastered Dinohide Raid Butisi,Rogue
Leatherworking,Chultan MW,Mastered Leather Raid Chamas,,,Ranger,,,,Leatherworking,Mastered Leather Raid Chamas,Ranger
Leatherworking,Chultan MW,Mastered Dinohide Raid Viatus,,,Warlock,,,,Leatherworking,Mastered Dinohide Raid Viatus,Warlock
Leatherworking,Chultan MW,Mastered Dinohide Assault Amibari,,,Rogue,,,,Leatherworking,Mastered Dinohide Assault Amibari,Rogue
Leatherworking,Chultan MW,Mastered Leather Assault Gwanitis,,,Ranger,,,,Leatherworking,Mastered Leather Assault Gwanitis,Ranger
Leatherworking,Chultan MW,Mastered Dinohide Assault Shabas,,,Warlock,,,,Leatherworking,Mastered Dinohide Assault Shabas,Warlock
Leatherworking,Chultan MW,Mastered Dinohide Raid Amibari,,,Rogue,,,,Leatherworking,Mastered Dinohide Raid Amibari,Rogue
Leatherworking,Chultan MW,Mastered Leather Raid Gwanitis,,,Ranger,,,,Leatherworking,Mastered Leather Raid Gwanitis,Ranger
Leatherworking,Chultan MW,Mastered Dinohide Raid Shabas,,,Warlock,,,,Leatherworking,Mastered Dinohide Raid Shabas,Warlock
Leatherworking,Chultan MW,Mastered Leather Assault Kafe,,,Ranger,,,,Leatherworking,Mastered Leather Assault Kafe,Ranger
Leatherworking,Chultan MW,Mastered Dinohide Assault Kiuno,,,Warlock,,,,Leatherworking,Mastered Dinohide Assault Kiuno,Warlock
Leatherworking,Chultan MW,Mastered Dinohide Assault Mederebiya,,,Rogue,,,,Leatherworking,Mastered Dinohide Assault Mederebiya,Rogue
Leatherworking,Chultan MW,Mastered Leather Raid Kafe,,,Ranger,,,,Leatherworking,Mastered Leather Raid Kafe,Ranger
Leatherworking,Chultan MW,Mastered Dinohide Raid Kiuno,,,Warlock,,,,Leatherworking,Mastered Dinohide Raid Kiuno,Warlock
Leatherworking,Chultan MW,Mastered Dinohide Raid Mederebiya,,,Rogue,,,,Leatherworking,Mastered Dinohide Raid Mederebiya,Rogue
Leatherworking,Chultan MW,Mastered Dinohide Assault Barakoa,,,Warlock,,,,Leatherworking,Mastered Dinohide Assault Barakoa,Warlock
Leatherworking,Chultan MW,Mastered Dinohide Assault Chinibili,,,Rogue,,,,Leatherworking,Mastered Dinohide Assault Chinibili,Rogue
Leatherworking,Chultan MW,Mastered Leather Assault Mekeleya,,,Ranger,,,,Leatherworking,Mastered Leather Assault Mekeleya,Ranger
Leatherworking,Chultan MW,Mastered Dinohide Raid Barakoa,,,Warlock,,,,Leatherworking,Mastered Dinohide Raid Barakoa,Warlock
Leatherworking,Chultan MW,Mastered Dinohide Raid Chinibili,,,Rogue,,,,Leatherworking,Mastered Dinohide Raid Chinibili,Rogue
Leatherworking,Chultan MW,Mastered Leather Raid Mekeleya,,,Ranger,,,,Leatherworking,Mastered Leather Raid Mekeleya,Ranger
Leatherworking,Sharandar MW,Fey Decorated Boots,,,Bard,Feet,"When >=50% HP, +5000 accuracy. When <50% HP,  +10% movespeed",,Leatherworking,Fey Decorated Boots,Bard
Leatherworking,Sharandar MW,Fey'd Leaf Boots,,,Rogue,Feet,"When >=50% HP, +5000 accuracy. When <50% HP,  +10% movespeed",,Leatherworking,Fey'd Leaf Boots,Rogue
Leatherworking,Sharandar MW,Fey'd Leaf Hood,,,Ranger,Head,"When >=50% HP, +5000 crit. When <50% HP, +5500 crit avoid",,Leatherworking,Fey'd Leaf Hood,Ranger
Leatherworking,Sharandar MW,Petrified Barbute,,,Rogue,Head,"When >=50% HP, +5000 crit. When <50% HP, +5500 crit avoid",,Leatherworking,Petrified Barbute,Rogue
Leatherworking,Sharandar MW,Petrified Barkplate,,,Ranger,Armor,"When >=50% HP, +5000 power. When <50% HP, +5500 defense",,Leatherworking,Petrified Barkplate,Ranger
Leatherworking,Sharandar MW,Petrified Boots,,,Ranger,Feet,"When >=50% HP, +5000 accuracy. When <50% HP,  +10% movespeed",,Leatherworking,Petrified Boots,Ranger
Leatherworking,Sharandar MW,Petrified Braces,,,Ranger,Arms,"When >=50% HP, +5000 critsev. When <50% HP, 5500 deflect",,Leatherworking,Petrified Braces,Ranger
Leatherworking,Sharandar MW,Petrified Crown,,,Bard,Head,"When >=50% HP, +5000 crit. When <50% HP, +5500 crit avoid",,Leatherworking,Petrified Crown,Bard
Leatherworking,Sharandar MW,Petrified Leathers,,,Rogue,Armor,"When >=50% HP, +5000 power. When <50% HP, +5500 defense",,Leatherworking,Petrified Leathers,Rogue
Leatherworking,Sharandar MW,Petrified Mantle,,,Bard,Armor,"When >=50% HP, +5000 power. When <50% HP, +5500 defense",,Leatherworking,Petrified Mantle,Bard
Leatherworking,Sharandar MW,Petrified Sleeves,,,Bard,Arms,"When >=50% HP, +5000 critsev. When <50% HP, 5500 deflect",,Leatherworking,Petrified Sleeves,Bard
Leatherworking,Sharandar MW,Petrified Surcoat,,,Warlock,Armor,"When >=50% HP, +5000 power. When <50% HP, +5500 defense",,Leatherworking,Petrified Surcoat,Warlock
Leatherworking,Sharandar MW,Petrified Waders,,,Warlock,Feet,"When >=50% HP, +5000 accuracy. When <50% HP,  +10% movespeed",,Leatherworking,Petrified Waders,Warlock
Leatherworking,Sharandar MW,Petrified Wraps,,,Warlock,Arms,"When >=50% HP, +5000 critsev. When <50% HP, 5500 deflect",,Leatherworking,Petrified Wraps,Warlock
Leatherworking,Sharandar MW,Petrified Wristlets,,,Rogue,Arms,"When >=50% HP, +5000 critsev. When <50% HP, 5500 deflect",,Leatherworking,Petrified Wristlets,Rogue
Leatherworking,Sharandar MW,Twig Crown,,,Warlock,Head,"When >=50% HP, +5000 crit. When <50% HP, +5500 crit avoid",,Leatherworking,Twig Crown,Warlock
Leatherworking,Sharandar MW,Fey Decorated Wetboots,,,Bard,Feet,"When >=50% HP, +5000 accuracy. When <50% HP,  +10% movespeed",,Leatherworking,Fey Decorated Wetboots,Bard
Leatherworking,Sharandar MW,Fey'd Leaf Cap,,,Ranger,Head,"When >=50% HP, +5000 crit. When <50% HP, +5500 crit avoid",,Leatherworking,Fey'd Leaf Cap,Ranger
Leatherworking,Sharandar MW,Fey'd Leaf Wetboots,,,Rogue,Feet,"When >=50% HP, +5000 accuracy. When <50% HP,  +10% movespeed",,Leatherworking,Fey'd Leaf Wetboots,Rogue
Leatherworking,Sharandar MW,Petrified Armlets,,,Ranger,Arms,"When >=50% HP, +5000 critsev. When <50% HP, 5500 deflect",,Leatherworking,Petrified Armlets,Ranger
Leatherworking,Sharandar MW,Petrified Bark Barbute,,,Rogue,Head,"When >=50% HP, +5000 crit. When <50% HP, +5500 crit avoid",,Leatherworking,Petrified Bark Barbute,Rogue
Leatherworking,Sharandar MW,Petrified Bark Crown,,,Bard,Head,"When >=50% HP, +5000 crit. When <50% HP, +5500 crit avoid",,Leatherworking,Petrified Bark Crown,Bard
Leatherworking,Sharandar MW,Petrified Barkhide Mantle,,,Bard,Armor,"When >=50% HP, +5000 power. When <50% HP, +5500 defense",,Leatherworking,Petrified Barkhide Mantle,Bard
Leatherworking,Sharandar MW,Petrified Covers,,,Bard,Arms,"When >=50% HP, +5000 critsev. When <50% HP, 5500 deflect",,Leatherworking,Petrified Covers,Bard
Leatherworking,Sharandar MW,Petrified Growth,,,Warlock,Armor,"When >=50% HP, +5000 power. When <50% HP, +5500 defense",,Leatherworking,Petrified Growth,Warlock
Leatherworking,Sharandar MW,Petrified Guards,,,Warlock,Arms,"When >=50% HP, +5000 critsev. When <50% HP, 5500 deflect",,Leatherworking,Petrified Guards,Warlock
Leatherworking,Sharandar MW,Petrified Leavehide,,,Rogue,Armor,"When >=50% HP, +5000 power. When <50% HP, +5500 defense",,Leatherworking,Petrified Leavehide,Rogue
Leatherworking,Sharandar MW,Petrified Overgrowth,,,Ranger,Armor,"When >=50% HP, +5000 power. When <50% HP, +5500 defense",,Leatherworking,Petrified Overgrowth,Ranger
Leatherworking,Sharandar MW,Petrified Shoes,,,Warlock,Feet,"When >=50% HP, +5000 accuracy. When <50% HP,  +10% movespeed",,Leatherworking,Petrified Shoes,Warlock
Leatherworking,Sharandar MW,Petrified Wetboots,,,Ranger,Feet,"When >=50% HP, +5000 accuracy. When <50% HP,  +10% movespeed",,Leatherworking,Petrified Wetboots,Ranger
Leatherworking,Sharandar MW,Petrified Wristguards,,,Rogue,Arms,"When >=50% HP, +5000 critsev. When <50% HP, 5500 deflect",,Leatherworking,Petrified Wristguards,Rogue
Leatherworking,Sharandar MW,Sprouting Crown,,,Warlock,Head,"When >=50% HP, +5000 crit. When <50% HP, +5500 crit avoid",,Leatherworking,Sprouting Crown,Warlock
Armorsmithing,Chultan MW,Mastered Bronzewood Assault Lapulapus,,,Barbarian,,,,Armorsmithing,Mastered Bronzewood Assault Lapulapus,Barbarian
Armorsmithing,Chultan MW,Mastered Bronzewood Raid Lapulapus,,,Barbarian,,,,Armorsmithing,Mastered Bronzewood Raid Lapulapus,Barbarian
Armorsmithing,Chultan MW,Mastered Bronzewood Raid Qalisas,,,Cleric,,,,Armorsmithing,Mastered Bronzewood Raid Qalisas,Cleric
Armorsmithing,Chultan MW,Mastered Bronzewood Restoration Qalisas,,,Cleric,,,,Armorsmithing,Mastered Bronzewood Restoration Qalisas,Cleric
Armorsmithing,Chultan MW,Mastered Bronzewood Assault Bangili,,,Barbarian,,,,Armorsmithing,Mastered Bronzewood Assault Bangili,Barbarian
Armorsmithing,Chultan MW,Mastered Bronzewood Raid Bangili,,,Barbarian,,,,Armorsmithing,Mastered Bronzewood Raid Bangili,Barbarian
Armorsmithing,Chultan MW,Mastered Bronzewood Raid Isikrinis,,,Cleric,,,,Armorsmithing,Mastered Bronzewood Raid Isikrinis,Cleric
Armorsmithing,Chultan MW,Mastered Bronzewood Restoration Isikrinis,,,Cleric,,,,Armorsmithing,Mastered Bronzewood Restoration Isikrinis,Cleric
Armorsmithing,Chultan MW,Mastered Bronzewood Assault Kanzu,,,Barbarian,,,,Armorsmithing,Mastered Bronzewood Assault Kanzu,Barbarian
Armorsmithing,Chultan MW,Mastered Bronzewood Raid Eziwa,,,Cleric,,,,Armorsmithing,Mastered Bronzewood Raid Eziwa,Cleric
Armorsmithing,Chultan MW,Mastered Bronzewood Raid Kanzu,,,Barbarian,,,,Armorsmithing,Mastered Bronzewood Raid Kanzu,Barbarian
Armorsmithing,Chultan MW,Mastered Bronzewood Restoration Eziwa,,,Cleric,,,,Armorsmithing,Mastered Bronzewood Restoration Eziwa,Cleric
Armorsmithing,Chultan MW,Mastered Bronzewood Assault Kofia,,,Barbarian,,,,Armorsmithing,Mastered Bronzewood Assault Kofia,Barbarian
Armorsmithing,Chultan MW,Mastered Bronzewood Raid Isigcina,,,Cleric,,,,Armorsmithing,Mastered Bronzewood Raid Isigcina,Cleric
Armorsmithing,Chultan MW,Mastered Bronzewood Raid Kofia,,,Barbarian,,,,Armorsmithing,Mastered Bronzewood Raid Kofia,Barbarian
Armorsmithing,Chultan MW,Mastered Bronzewood Restoration Isigcina,,,Cleric,,,,Armorsmithing,Mastered Bronzewood Restoration Isigcina,Cleric
Armorsmithing,Chultan MW,Wootz Alembic,,,,,Alchemy tool,,Armorsmithing,Wootz Alembic,
Armorsmithing,Chultan MW,Mastered Bronzewood Raid Ibhuzus,,,Fighter,,,,Armorsmithing,Mastered Bronzewood Raid Ibhuzus,Fighter
Armorsmithing,Chultan MW,Mastered Bronzewood Restoration Isikhumbas,,,Paladin,,,,Armorsmithing,Mastered Bronzewood Restoration Isikhumbas,Paladin
Armorsmithing,Chultan MW,Mastered Bronzewood Ward Ibhuzus,,,Fighter,,,,Armorsmithing,Mastered Bronzewood Ward Ibhuzus,Fighter
Armorsmithing,Chultan MW,Mastered Bronzewood Ward Isikhumbas,,,Paladin,,,,Armorsmithing,Mastered Bronzewood Ward Isikhumbas,Paladin
Armorsmithing,Chultan MW,Mastered Bronzewood Raid Umdwebo,,,Fighter,,,,Armorsmithing,Mastered Bronzewood Raid Umdwebo,Fighter
Armorsmithing,Chultan MW,Mastered Bronzewood Restoration Ibhendis,,,Paladin,,,,Armorsmithing,Mastered Bronzewood Restoration Ibhendis,Paladin
Armorsmithing,Chultan MW,Mastered Bronzewood Ward Ibhendis,,,Paladin,,,,Armorsmithing,Mastered Bronzewood Ward Ibhendis,Paladin
Armorsmithing,Chultan MW,Mastered Bronzewood Ward Umdwebo,,,Fighter,,,,Armorsmithing,Mastered Bronzewood Ward Umdwebo,Fighter
Armorsmithing,Chultan MW,Mastered Bronzewood Raid Sesifuba,,,Fighter,,,,Armorsmithing,Mastered Bronzewood Raid Sesifuba,Fighter
Armorsmithing,Chultan MW,Mastered Bronzewood Restoration Ibhantshi,,,Paladin,,,,Armorsmithing,Mastered Bronzewood Restoration Ibhantshi,Paladin
Armorsmithing,Chultan MW,Mastered Bronzewood Ward Ibhantshi,,,Paladin,,,,Armorsmithing,Mastered Bronzewood Ward Ibhantshi,Paladin
Armorsmithing,Chultan MW,Mastered Bronzewood Ward Sesifuba,,,Fighter,,,,Armorsmithing,Mastered Bronzewood Ward Sesifuba,Fighter
Armorsmithing,Chultan MW,Mastered Bronzewood Raid Isigqoko,,,Fighter,,,,Armorsmithing,Mastered Bronzewood Raid Isigqoko,Fighter
Armorsmithing,Chultan MW,Mastered Bronzewood Restoration Umqhele,,,Paladin,,,,Armorsmithing,Mastered Bronzewood Restoration Umqhele,Paladin
Armorsmithing,Chultan MW,Mastered Bronzewood Ward Isigqoko,,,Fighter,,,,Armorsmithing,Mastered Bronzewood Ward Isigqoko,Fighter
Armorsmithing,Chultan MW,Mastered Bronzewood Ward Umqhele,,,Paladin,,,,Armorsmithing,Mastered Bronzewood Ward Umqhele,Paladin
Armorsmithing,Chultan MW,Mastered Bronzewood Cuauhchimalli,,,Paladin,Off-hand,Off-hand,,Armorsmithing,Mastered Bronzewood Cuauhchimalli,Paladin
Armorsmithing,Chultan MW,Mastered Bronzewood Mahuizzochimalli,,,Fighter,Off-hand,Off-hand,,Armorsmithing,Mastered Bronzewood Mahuizzochimalli,Fighter
Armorsmithing,Sharandar MW,Feywood Buckler,,,Fighter,Off-hand,Off-hand,,Armorsmithing,Feywood Buckler,Fighter
Armorsmithing,Sharandar MW,Feywood Shield,,,Paladin,Off-hand,Off-hand,,Armorsmithing,Feywood Shield,Paladin
Armorsmithing,Sharandar MW,Feywood Barbute,,,Barbarian,Head,"When >=50% HP, +5000 crit. When <50% HP, +5500 crit avoid",,Armorsmithing,Feywood Barbute,Barbarian
Armorsmithing,Sharandar MW,Feywood Breastplate,,,Barbarian,Armor,"When >=50% HP, +5000 power. When <50% HP, +5500 defense",,Armorsmithing,Feywood Breastplate,Barbarian
Armorsmithing,Sharandar MW,Feywood Sprouts,,,Barbarian,Arms,"When >=50% HP, +5000 critsev. When <50% HP, 5500 deflect",,Armorsmithing,Feywood Sprouts,Barbarian
Armorsmithing,Sharandar MW,Feywood Wetboots,,,Barbarian,Feet,"When >=50% HP, +5000 accuracy. When <50% HP,  +10% movespeed",,Armorsmithing,Feywood Wetboots,Barbarian
Armorsmithing,Sharandar MW,Fey'd Leaf Bark Crown,,,Cleric,Head,"When >=50% HP, +5000 crit. When <50% HP, +5500 crit avoid",,Armorsmithing,Fey'd Leaf Bark Crown,Cleric
Armorsmithing,Sharandar MW,Feywood Barkbrace,,,Cleric,Armor,"When >=50% HP, +5000 power. When <50% HP, +5500 defense",,Armorsmithing,Feywood Barkbrace,Cleric
Armorsmithing,Sharandar MW,Feywood Cuirass,,,Paladin,Armor,"When >=50% HP, +5000 power. When <50% HP, +5500 defense",,Armorsmithing,Feywood Cuirass,Paladin
Armorsmithing,Sharandar MW,Feywood Sabatons,,,Paladin,Feet,"When >=50% HP, +5000 accuracy. When <50% HP,  +10% movespeed",,Armorsmithing,Feywood Sabatons,Paladin
Armorsmithing,Sharandar MW,Feywood Sallet,,,Paladin,Head,"When >=50% HP, +5000 crit. When <50% HP, +5500 crit avoid",,Armorsmithing,Feywood Sallet,Paladin
Armorsmithing,Sharandar MW,Feywood Shoes,,,Cleric,Feet,"When >=50% HP, +5000 accuracy. When <50% HP,  +10% movespeed",,Armorsmithing,Feywood Shoes,Cleric
Armorsmithing,Sharandar MW,Feywood Sprigs,,,Cleric,Arms,"When >=50% HP, +5000 critsev. When <50% HP, 5500 deflect",,Armorsmithing,Feywood Sprigs,Cleric
Armorsmithing,Sharandar MW,Feywood Wristguards,,,Paladin,Arms,"When >=50% HP, +5000 critsev. When <50% HP, 5500 deflect",,Armorsmithing,Feywood Wristguards,Paladin
Armorsmithing,Sharandar MW,Fey'd Leaf Crown,,,Cleric,Head,"When >=50% HP, +5000 crit. When <50% HP, +5500 crit avoid",,Armorsmithing,Fey'd Leaf Crown,Cleric
Armorsmithing,Sharandar MW,Feywood Bark,,,Fighter,Arms,"When >=50% HP, +5000 critsev. When <50% HP, 5500 deflect",,Armorsmithing,Feywood Bark,Fighter
Armorsmithing,Sharandar MW,Feywood Bark Barbute,,,Barbarian,Head,"When >=50% HP, +5000 crit. When <50% HP, +5500 crit avoid",,Armorsmithing,Feywood Bark Barbute,Barbarian
Armorsmithing,Sharandar MW,Feywood Barkguard,,,Cleric,Armor,"When >=50% HP, +5000 power. When <50% HP, +5500 defense",,Armorsmithing,Feywood Barkguard,Cleric
Armorsmithing,Sharandar MW,Feywood Boots,,,Cleric,Feet,"When >=50% HP, +5000 accuracy. When <50% HP,  +10% movespeed",,Armorsmithing,Feywood Boots,Cleric
Armorsmithing,Sharandar MW,Feywood Branches,,,Barbarian,Arms,"When >=50% HP, +5000 critsev. When <50% HP, 5500 deflect",,Armorsmithing,Feywood Branches,Barbarian
Armorsmithing,Sharandar MW,Feywood Breastboard,,,Barbarian,Armor,"When >=50% HP, +5000 power. When <50% HP, +5500 defense",,Armorsmithing,Feywood Breastboard,Barbarian
Armorsmithing,Sharandar MW,Feywood Chestplate,,,Fighter,Armor,"When >=50% HP, +5000 power. When <50% HP, +5500 defense",,Armorsmithing,Feywood Chestplate,Fighter
Armorsmithing,Sharandar MW,Feywood Greaves,,,Fighter,Feet,"When >=50% HP, +5000 accuracy. When <50% HP,  +10% movespeed",,Armorsmithing,Feywood Greaves,Fighter
Armorsmithing,Sharandar MW,Feywood Helm,,,Fighter,Head,"When >=50% HP, +5000 crit. When <50% HP, +5500 crit avoid",,Armorsmithing,Feywood Helm,Fighter
Armorsmithing,Sharandar MW,Feywood Waders,,,Barbarian,Feet,"When >=50% HP, +5000 accuracy. When <50% HP,  +10% movespeed",,Armorsmithing,Feywood Waders,Barbarian
Armorsmithing,Sharandar MW,Feywood Wraps,,,Cleric,Arms,"When >=50% HP, +5000 critsev. When <50% HP, 5500 deflect",,Armorsmithing,Feywood Wraps,Cleric
Armorsmithing,Sharandar MW,Feywood Bark Helm,,,Fighter,Head,"When >=50% HP, +5000 crit. When <50% HP, +5500 crit avoid",,Armorsmithing,Feywood Bark Helm,Fighter
Armorsmithing,Sharandar MW,Feywood Bark Sallet,,,Paladin,Head,"When >=50% HP, +5000 crit. When <50% HP, +5500 crit avoid",,Armorsmithing,Feywood Bark Sallet,Paladin
Armorsmithing,Sharandar MW,Feywood Blightbark,,,Fighter,Arms,"When >=50% HP, +5000 critsev. When <50% HP, 5500 deflect",,Armorsmithing,Feywood Blightbark,Fighter
Armorsmithing,Sharandar MW,Feywood Chestguard,,,Fighter,Armor,"When >=50% HP, +5000 power. When <50% HP, +5500 defense",,Armorsmithing,Feywood Chestguard,Fighter
Armorsmithing,Sharandar MW,Feywood Gaiters,,,Fighter,Feet,"When >=50% HP, +5000 accuracy. When <50% HP,  +10% movespeed",,Armorsmithing,Feywood Gaiters,Fighter
Armorsmithing,Sharandar MW,Feywood Gauntlets,,,Paladin,Arms,"When >=50% HP, +5000 critsev. When <50% HP, 5500 deflect",,Armorsmithing,Feywood Gauntlets,Paladin
Armorsmithing,Sharandar MW,Feywood Poleyns,,,Paladin,Feet,"When >=50% HP, +5000 accuracy. When <50% HP,  +10% movespeed",,Armorsmithing,Feywood Poleyns,Paladin
Armorsmithing,Sharandar MW,Hardened Feywood Cuirass,,,Paladin,Armor,"When >=50% HP, +5000 power. When <50% HP, +5500 defense",,Armorsmithing,Hardened Feywood Cuirass,Paladin
Armorsmithing,Sharandar MW,Silvervine Alembic,,,,,Alchemy tool 525 prof/focus,,Armorsmithing,Silvervine Alembic,
Tailoring,Chultan MW,Twine Net,,,,,Gathering tool,,Tailoring,Twine Net,
Tailoring,Chultan MW,Mastered Jute Assault Kohambos,,,Wizard,,,,Tailoring,Mastered Jute Assault Kohambos,Wizard
Tailoring,Chultan MW,Mastered Jute Raid Kohambos,,,Wizard,,,,Tailoring,Mastered Jute Raid Kohambos,Wizard
Tailoring,Chultan MW,Mastered Feathered Assault Isongos,,,Wizard,,,,Tailoring,Mastered Feathered Assault Isongos,Wizard
Tailoring,Chultan MW,Mastered Feathered Raid Isongos,,,Wizard,,,,Tailoring,Mastered Feathered Raid Isongos,Wizard
Tailoring,Chultan MW,Mastered Silk Assault Ngubo,,,Wizard,,,,Tailoring,Mastered Silk Assault Ngubo,Wizard
Tailoring,Chultan MW,Mastered Silk Raid Ngubo,,,Wizard,,,,Tailoring,Mastered Silk Raid Ngubo,Wizard
Tailoring,Chultan MW,Mastered Bronzewood Assault Imaski,,,Wizard,,,,Tailoring,Mastered Bronzewood Assault Imaski,Wizard
Tailoring,Chultan MW,Mastered Bronzewood Raid Imaski,,,Wizard,,,,Tailoring,Mastered Bronzewood Raid Imaski,Wizard
Tailoring,Chultan MW,Mastered Beaded Sash,,,,Belt,,,Tailoring,Mastered Beaded Sash,
Tailoring,Chultan MW,Mastered Bronzewood Sash,,,,Belt,,,Tailoring,Mastered Bronzewood Sash,
Tailoring,Chultan MW,Mastered Fanged Sash,,,,Belt,,,Tailoring,Mastered Fanged Sash,
Tailoring,Chultan MW,Mastered Lichstone Sash,,,,Belt,,,Tailoring,Mastered Lichstone Sash,
Tailoring,Chultan MW,Mastered Silk Mecatica,,,Barbarian,,Off-hand,,Tailoring,Mastered Silk Mecatica,Barbarian
Tailoring,Sharandar MW,Silvervine Net,,,,,Gathering tool 525 prof/focus,,Tailoring,Silvervine Net,
Tailoring,Sharandar MW,Fey'd Leaf Sword Knot,,,Barbarian,Off-hand,MW VII Off-hand,,Tailoring,Fey'd Leaf Sword Knot,Barbarian
Tailoring,Sharandar MW,Fey'd Leaf Branch Crown,,,Wizard,Head,"When >=50% HP, +5000 crit. When <50% HP, +5500 crit avoid",,Tailoring,Fey'd Leaf Branch Crown,Wizard
Tailoring,Sharandar MW,Fey'd Leaf Branches,,,Wizard,Arms,"When >=50% HP, +5000 critsev. When <50% HP, 5500 deflect",,Tailoring,Fey'd Leaf Branches,Wizard
Tailoring,Sharandar MW,Fey'd Leaf Garb,,,Wizard,Armor,"When >=50% HP, +5000 power. When <50% HP, +5500 defense",,Tailoring,Fey'd Leaf Garb,Wizard
Tailoring,Sharandar MW,Fey'd Leaf Shoes,,,Wizard,Feet,"When >=50% HP, +5000 accuracy. When <50% HP,  +10% movespeed",,Tailoring,Fey'd Leaf Shoes,Wizard
Tailoring,Sharandar MW,Thorned Sash,,,,Belt,Sharandar MW Belt,,Tailoring,Thorned Sash,
Tailoring,Sharandar MW,Fey'd Leaf Boots,,,Wizard,Feet,"When >=50% HP, +5000 accuracy. When <50% HP,  +10% movespeed",,Tailoring,Fey'd Leaf Boots,Wizard
Tailoring,Sharandar MW,Fey'd Leaf Padding,,,Wizard,Armor,"When >=50% HP, +5000 power. When <50% HP, +5500 defense",,Tailoring,Fey'd Leaf Padding,Wizard
Tailoring,Sharandar MW,Fey'd Leaf Wood Crown,,,Wizard,Head,"When >=50% HP, +5000 crit. When <50% HP, +5500 crit avoid",,Tailoring,Fey'd Leaf Wood Crown,Wizard
Tailoring,Sharandar MW,Fey'd Leaf Wood Wraps,,,Wizard,Arms,"When >=50% HP, +5000 critsev. When <50% HP, 5500 deflect",,Tailoring,Fey'd Leaf Wood Wraps,Wizard
Tailoring,Sharandar MW,Dawn's Light Sash,,,,Belt,Sharandar MW Belt,,Tailoring,Dawn's Light Sash,
Tailoring,Sharandar MW,Feywood Sash,,,,Belt,Sharandar MW Belt,,Tailoring,Feywood Sash,
Tailoring,Sharandar MW,Glowing Sash,,,,Belt,Sharandar MW Belt,,Tailoring,Glowing Sash,
Blacksmithing,Chultan MW,Wootz Cross-pein Hammer,,,,,Blacksmithing tool,,Blacksmithing,Wootz Cross-pein Hammer,
Blacksmithing,Chultan MW,Wootz File,,,,,Jewelcrafting tool,,Blacksmithing,Wootz File,
Blacksmithing,Chultan MW,Wootz Hatchet,,,,,Gathering tool,,Blacksmithing,Wootz Hatchet,
Blacksmithing,Chultan MW,Wootz Pickaxe,,,,,Gathering tool,,Blacksmithing,Wootz Pickaxe,
Blacksmithing,Chultan MW,Wootz Raising Hammer,,,,,Armorsmithing tool,,Blacksmithing,Wootz Raising Hammer,
Blacksmithing,Chultan MW,Wootz Round Knife,,,,,Leatherworking tool,,Blacksmithing,Wootz Round Knife,
Blacksmithing,Chultan MW,Wootz Scythe,,,,,Gathering tool,,Blacksmithing,Wootz Scythe,
Blacksmithing,Chultan MW,Mastered Obsidian Itecpayo,,,Rogue,Off-hand,Off-hand,,Blacksmithing,Mastered Obsidian Itecpayo,Rogue
Blacksmithing,Chultan MW,Mastered Obsidian Itztopilli,,,Ranger,Off-hand,Off-hand,,Blacksmithing,Mastered Obsidian Itztopilli,Ranger
Blacksmithing,Chultan MW,Mastered Obsidian Rapier,,,Bard,Weapon,Main hand,,Blacksmithing,Mastered Obsidian Rapier,Bard
Blacksmithing,Chultan MW,Mastered Bronzewood Huitzauhqui,,,Barbarian,Weapon,Main hand,,Blacksmithing,Mastered Bronzewood Huitzauhqui,Barbarian
Blacksmithing,Chultan MW,Mastered Bronzewood Macuahuitl,,,Fighter,Weapon,Main hand,,Blacksmithing,Mastered Bronzewood Macuahuitl,Fighter
Blacksmithing,Chultan MW,Mastered Bronzewood Quauhololli,,,Paladin,Weapon,Main hand,,Blacksmithing,Mastered Bronzewood Quauhololli,Paladin
Blacksmithing,Chultan MW,Mastered Obsidian Omihuictli,,,Rogue,Weapon,Main hand,,Blacksmithing,Mastered Obsidian Omihuictli,Rogue
Blacksmithing,Sharandar MW,Silvervine Cross-pein Hammer,,,,,Blacksmithing tool 525 prof/focus,,Blacksmithing,Silvervine Cross-pein Hammer,
Blacksmithing,Sharandar MW,Silvervine File,,,,,Jewelcrafting tool 525 prof/focus,,Blacksmithing,Silvervine File,
Blacksmithing,Sharandar MW,Silvervine Hatchet,,,,,Gathering tool 525 prof/focus,,Blacksmithing,Silvervine Hatchet,
Blacksmithing,Sharandar MW,Silvervine Pickaxe,,,,,Gathering tool 525 prof/focus,,Blacksmithing,Silvervine Pickaxe,
Blacksmithing,Sharandar MW,Silvervine Raising Hammer,,,,,Armorsmithing tool 525 prof/focus,,Blacksmithing,Silvervine Raising Hammer,
Blacksmithing,Sharandar MW,Silvervine Round Knife,,,,,Leatherworking tool 525 prof/focus,,Blacksmithing,Silvervine Round Knife,
Blacksmithing,Sharandar MW,Silvervine Scythe,,,,,Gathering tool 525 prof/focus,,Blacksmithing,Silvervine Scythe,
Blacksmithing,Sharandar MW,Feywood Broad Slab,,,Barbarian,Weapon,Main hand,,Blacksmithing,Feywood Broad Slab,Barbarian
Blacksmithing,Sharandar MW,Feywood Carved Blade,,,Fighter,Weapon,Main hand,,Blacksmithing,Feywood Carved Blade,Fighter
Blacksmithing,Sharandar MW,Feywood Club,,,Paladin,Weapon,Main hand,,Blacksmithing,Feywood Club,Paladin
Blacksmithing,Sharandar MW,Feywood Rapier,,,Bard,Weapon,Main hand,,Blacksmithing,Feywood Rapier,Bard
Blacksmithing,Sharandar MW,Feywood Stiletto,,,Rogue,Off-hand,Main hand,,Blacksmithing,Feywood Stiletto,Rogue
Blacksmithing,Sharandar MW,Feywood Blades,,,Ranger,Off-hand,Main hand,,Blacksmithing,Feywood Blades,Ranger
Blacksmithing,Sharandar MW,Feywood Dagger,,,Rogue,Weapon,Main hand,,Blacksmithing,Feywood Dagger,Rogue